{"name":"FlightCancellation","identifier":"BKHFXFJ82D","description":"The use case is allowing the customer give personal information through the Lex bot and then will displaying the information to an agent allowing them to cancel the flight easier with SBSGuides.","parentIntentSignature":null,"sampleUtterances":[{"utterance":"Plese help me cancel my flight"},{"utterance":"Cancel flight"},{"utterance":"I need to remove my flight from my itinerary"},{"utterance":"I do not want to get on my flight today."},{"utterance":"How can I cancel my flight?"},{"utterance":"Where can I go to cancel my flight? "},{"utterance":"I am trying to cancel my flight"},{"utterance":"I need to cancel my flight for a later flight"},{"utterance":"I need to get rid of my flight "},{"utterance":"I need to eliminate my travel plans"},{"utterance":"I need to scrap my flight plans"},{"utterance":"please cancel my flight"},{"utterance":"I am going to need a flight cancellation "},{"utterance":"Flight cancellation is what I am looking for"},{"utterance":"I would like to terminate my flight plans"},{"utterance":"Cancel my ticket"},{"utterance":"I'd like to cancel my flight for {FirstName}"},{"utterance":"I'd like to cancel my flight for {FirstName} {LastName}"},{"utterance":"I need to cancel my flight. My name is {FirstName} {LastName} . I am leaving from {CityDeparture}"},{"utterance":"I need to cancel my flight. My name is {FirstName} {LastName} . I am flying into {CityArrival}"},{"utterance":"Please help me cancel my flight, my confirmation number is {ConfirmationNumber}"}],"intentConfirmationSetting":null,"intentClosingSetting":{"isActive":true,"closingResponse":{"allowInterrupt":true,"messageGroupsList":[{"message":{"imageResponseCard":null,"ssmlMessage":null,"customPayload":null,"plainTextMessage":{"value":"The information will be sent to an agent who will be able to assist you shortly, so you can cancel your flight."}},"variations":null}]},"nextStep":{"sessionAttributes":null,"dialogAction":{"type":"EndConversation","slotToElicit":null,"suppressNextMessage":null},"intent":{"name":null,"slots":null}}},"initialResponseSetting":{"codeHook":{"isActive":true,"enableCodeHookInvocation":true,"invocationLabel":null,"postCodeHookSpecification":{"successConditional":null,"timeoutResponse":null,"timeoutNextStep":{"sessionAttributes":null,"dialogAction":{"type":"EndConversation","slotToElicit":null,"suppressNextMessage":null},"intent":{"name":null,"slots":null}},"timeoutConditional":null,"failureResponse":null,"failureNextStep":{"sessionAttributes":null,"dialogAction":{"type":"EndConversation","slotToElicit":null,"suppressNextMessage":null},"intent":{"name":null,"slots":null}},"failureConditional":null,"successNextStep":{"sessionAttributes":null,"dialogAction":{"type":"ElicitSlot","slotToElicit":"FirstName","suppressNextMessage":null},"intent":{"name":null,"slots":null}},"successResponse":null}},"conditional":null,"nextStep":{"sessionAttributes":null,"dialogAction":{"type":"InvokeDialogCodeHook","slotToElicit":null,"suppressNextMessage":null},"intent":{"name":null,"slots":null}},"initialResponse":{"allowInterrupt":true,"messageGroupsList":[{"message":{"imageResponseCard":null,"ssmlMessage":null,"customPayload":null,"plainTextMessage":{"value":"Okay, I can help you cancel your flight. We need some information to send to an agent. "}},"variations":null}]}},"inputContexts":null,"outputContexts":null,"kendraConfiguration":null,"dialogCodeHook":null,"fulfillmentCodeHook":{"isActive":true,"fulfillmentUpdatesSpecification":null,"postFulfillmentStatusSpecification":{"timeoutResponse":null,"timeoutNextStep":{"sessionAttributes":null,"dialogAction":{"type":"CloseIntent","slotToElicit":null,"suppressNextMessage":null},"intent":{"name":null,"slots":null}},"failureResponse":null,"failureNextStep":{"sessionAttributes":null,"dialogAction":{"type":"CloseIntent","slotToElicit":null,"suppressNextMessage":null},"intent":{"name":null,"slots":null}},"successNextStep":{"sessionAttributes":null,"dialogAction":{"type":"CloseIntent","slotToElicit":null,"suppressNextMessage":null},"intent":{"name":null,"slots":null}},"successResponse":{"allowInterrupt":true,"messageGroupsList":[{"message":{"imageResponseCard":null,"ssmlMessage":null,"customPayload":null,"plainTextMessage":{"value":"Thank you for the information!"}},"variations":null}]}},"enabled":false},"slotPriorities":[{"priority":5,"slotName":"ConfirmationNumber"},{"priority":1,"slotName":"FirstName"},{"priority":3,"slotName":"CityDeparture"},{"priority":4,"slotName":"CityArrival"},{"priority":2,"slotName":"LastName"}]}